<?xml version="1.0" encoding="utf-8" ?>
<dwsync>
<file name="SpryTooltip.js" server="E:/site2/wamp/www/" local="129446560552343750" remote="129446560550000000" />
<file name="SpryTooltip.css" server="E:/site2/wamp/www/" local="129446560552187500" remote="129446560550000000" />
<file name="SpryValidationTextField.js" server="E:/site2/wamp/www/" local="129249373143906250" remote="129249373140000000" />
<file name="SpryValidationTextField.css" server="E:/site2/wamp/www/" local="129448182671591521" remote="129448182670000000" />
<file name="SpryValidationSelect.js" server="E:/site2/wamp/www/" local="129456937294843750" remote="129456937290000000" />
<file name="SpryValidationSelect.css" server="E:/site2/wamp/www/" local="129456937294843750" remote="129456937290000000" />
<file name="SpryMenuBarRight.gif" server="E:/site2/wamp/www/" local="129242614990781250" remote="129242614990000000" />
<file name="SpryMenuBarRightHover.gif" server="E:/site2/wamp/www/" local="129242614990781250" remote="129242614990000000" />
<file name="SpryMenuBar.js" server="E:/site2/wamp/www/" local="129354835267031250" remote="129354835260000000" />
<file name="SpryMenuBarVertical.css" server="E:/site2/wamp/www/" local="129289135178437500" remote="129289135170000000" />
<file name="SpryValidationTextarea.js" server="E:/site2/wamp/www/" local="129339427875625000" remote="129339427870000000" />
<file name="SpryValidationTextarea.css" server="E:/site2/wamp/www/" local="129454931056875000" remote="129454931050000000" />
<file name="SpryCollapsiblePanel.js" server="E:/site2/wamp/www/" local="129353230570625000" remote="129353230570000000" />
<file name="SpryCollapsiblePanel.css" server="E:/site2/wamp/www/" local="129353230570625000" remote="129353230570000000" />
<file name="SpryTabbedPanels.js" server="E:/site2/wamp/www/" local="129722979602656250" remote="129722979600000000" />
<file name="SpryTabbedPanels.css" server="E:/site2/wamp/www/" local="129722979602343750" remote="129722979600000000" />
</dwsync>